driverId,forename,surname,total_races,beat_count,beating_rate
1,Lewis,Hamilton,292,180,0.6164383561643836
2,Nick,Heidfeld,64,32,0.5
3,Nico,Rosberg,130,69,0.5307692307692308
4,Fernando,Alonso,230,182,0.7913043478260869
5,Heikki,Kovalainen,40,18,0.45
6,Kazuki,Nakajima,22,4,0.18181818181818182
7,Sébastien,Bourdais,14,2,0.14285714285714285
8,Kimi,Räikkönen,193,95,0.49222797927461137
9,Robert,Kubica,53,31,0.5849056603773585
10,Timo,Glock,21,11,0.5238095238095238
11,Takuma,Sato,22,2,0.09090909090909091
12,Nelson,Piquet Jr.,13,2,0.15384615384615385
13,Felipe,Massa,174,58,0.3333333333333333
14,David,Coulthard,100,36,0.36
15,Jarno,Trulli,80,43,0.5375
16,Adrian,Sutil,38,21,0.5526315789473685
17,Mark,Webber,104,40,0.38461538461538464
18,Jenson,Button,152,91,0.5986842105263158
19,Anthony,Davidson,1,0,0.0
20,Sebastian,Vettel,207,134,0.6473429951690821
21,Giancarlo,Fisichella,83,33,0.39759036144578314
22,Rubens,Barrichello,134,41,0.30597014925373134
23,Ralf,Schumacher,72,35,0.4861111111111111
24,Vitantonio,Liuzzi,14,5,0.35714285714285715
25,Alexander,Wurz,21,7,0.3333333333333333
26,Scott,Speed,1,0,0.0
29,Sakon,Yamamoto,1,0,0.0
30,Michael,Schumacher,174,132,0.7586206896551724
31,Juan,Pablo Montoya,50,31,0.62
32,Christian,Klien,13,3,0.23076923076923078
35,Jacques,Villeneuve,54,27,0.5
37,Pedro,de la Rosa,11,1,0.09090909090909091
38,Robert,Doornbos,1,0,0.0
41,Ricardo,Zonta,5,1,0.2
42,Antônio,Pizzonia,7,1,0.14285714285714285
43,Cristiano,da Matta,2,2,1.0
44,Olivier,Panis,23,8,0.34782608695652173
48,Marc,Gené,4,1,0.25
49,Heinz-Harald,Frentzen,34,19,0.5588235294117647
50,Jos,Verstappen,1,0,0.0
51,Justin,Wilson,1,0,0.0
54,Luciano,Burti,1,0,0.0
55,Jean,Alesi,38,21,0.5526315789473685
56,Eddie,Irvine,43,12,0.27906976744186046
57,Mika,Häkkinen,57,34,0.5964912280701754
63,Mika,Salo,10,6,0.6
64,Pedro,Diniz,6,3,0.5
65,Johnny,Herbert,31,14,0.45161290322580644
66,Allan,McNish,2,0,0.0
67,Sébastien,Buemi,17,9,0.5294117647058824
68,Toranosuke,Takagi,1,0,0.0
69,Luca,Badoer,3,0,0.0
70,Alessandro,Zanardi,5,0,0.0
71,Damon,Hill,45,24,0.5333333333333333
75,Shinji,Nakano,7,2,0.2857142857142857
76,Jan,Magnussen,2,0,0.0
77,Gerhard,Berger,62,27,0.43548387096774194
78,Nicola,Larini,1,0,0.0
79,Ukyo,Katayama,1,0,0.0
81,Gianni,Morbidelli,7,0,0.0
82,Norberto,Fontana,1,0,0.0
84,Martin,Brundle,20,7,0.35
87,Mark,Blundell,4,2,0.5
88,Aguri,Suzuki,1,0,0.0
90,Roberto,Moreno,4,0,0.0
91,Karl,Wendlinger,1,1,1.0
92,Bertrand,Gachot,2,0,0.0
94,Pierluigi,Martini,1,1,1.0
95,Nigel,Mansell,49,33,0.673469387755102
96,Jean-Christophe,Boullion,2,0,0.0
100,Érik,Comas,2,2,1.0
102,Ayrton,Senna,65,50,0.7692307692307693
103,Éric,Bernard,2,1,0.5
104,Christian,Fittipaldi,1,1,1.0
105,Michele,Alboreto,19,8,0.42105263157894735
106,Olivier,Beretta,1,0,0.0
109,Jyrki,Järvilehto,3,0,0.0
110,Andrea,de Cesaris,4,4,1.0
117,Alain,Prost,62,35,0.5645161290322581
118,Derek,Warwick,7,3,0.42857142857142855
119,Riccardo,Patrese,37,7,0.1891891891891892
121,Michael,Andretti,4,0,0.0
122,Ivan,Capelli,5,3,0.6
123,Thierry,Boutsen,18,12,0.6666666666666666
127,Maurício,Gugelmin,4,1,0.25
131,Stefano,Modena,2,2,1.0
133,Alex,Caffi,2,0,0.0
137,Nelson,Piquet,35,20,0.5714285714285714
138,Satoru,Nakajima,11,0,0.0
139,Emanuele,Pirro,4,1,0.25
140,Stefan,Johansson,15,5,0.3333333333333333
145,Alessandro,Nannini,14,8,0.5714285714285714
151,Martin,Donnelly,2,1,0.5
153,Jaime,Alguersuari,13,6,0.46153846153846156
154,Romain,Grosjean,60,25,0.4166666666666667
155,Kamui,Kobayashi,21,13,0.6190476190476191
156,Jonathan,Palmer,1,0,0.0
158,Eddie,Cheever,4,2,0.5
163,René,Arnoux,2,0,0.0
166,Philippe,Streiff,1,0,0.0
168,Jean-Louis,Schlesser,1,0,0.0
170,Teo,Fabi,1,0,0.0
172,Jacques,Laffite,2,2,1.0
173,Elio,de Angelis,7,2,0.2857142857142857
174,Johnny,Dumfries,3,0,0.0
175,Patrick,Tambay,1,1,1.0
176,Marc,Surer,2,0,0.0
177,Keke,Rosberg,11,1,0.09090909090909091
182,Niki,Lauda,2,1,0.5
187,John,Watson,1,0,0.0
807,Nico,Hülkenberg,121,68,0.5619834710743802
808,Vitaly,Petrov,20,5,0.25
811,Bruno,Senna,14,7,0.5
813,Pastor,Maldonado,35,18,0.5142857142857142
814,Paul,di Resta,35,17,0.4857142857142857
815,Sergio,Pérez,174,56,0.3218390804597701
816,Jérôme,d'Ambrosio,1,0,0.0
817,Daniel,Ricciardo,137,67,0.48905109489051096
818,Jean-Éric,Vergne,27,13,0.48148148148148145
819,Charles,Pic,3,2,0.6666666666666666
820,Max,Chilton,4,1,0.25
821,Esteban,Gutiérrez,18,2,0.1111111111111111
822,Valtteri,Bottas,170,68,0.4
823,Giedo,van der Garde,2,0,0.0
824,Jules,Bianchi,4,3,0.75
825,Kevin,Magnussen,68,27,0.39705882352941174
826,Daniil,Kvyat,44,18,0.4090909090909091
828,Marcus,Ericsson,12,4,0.3333333333333333
830,Max,Verstappen,144,121,0.8402777777777778
831,Felipe,Nasr,6,4,0.6666666666666666
832,Carlos,Sainz,111,47,0.42342342342342343
835,Jolyon,Palmer,5,1,0.2
836,Pascal,Wehrlein,2,1,0.5
838,Stoffel,Vandoorne,8,1,0.125
839,Esteban,Ocon,78,38,0.48717948717948717
840,Lance,Stroll,78,29,0.3717948717948718
841,Antonio,Giovinazzi,17,6,0.35294117647058826
842,Pierre,Gasly,78,40,0.5128205128205128
843,Brendon,Hartley,6,2,0.3333333333333333
844,Charles,Leclerc,100,62,0.62
845,Sergey,Sirotkin,2,0,0.0
846,Lando,Norris,91,60,0.6593406593406593
847,George,Russell,66,34,0.5151515151515151
848,Alexander,Albon,50,29,0.58
849,Nicholas,Latifi,15,2,0.13333333333333333
850,Pietro,Fittipaldi,1,0,0.0
852,Yuki,Tsunoda,48,25,0.5208333333333334
853,Nikita,Mazepin,2,0,0.0
854,Mick,Schumacher,11,6,0.5454545454545454
855,Guanyu,Zhou,29,11,0.3793103448275862
856,Nyck,de Vries,8,1,0.125
857,Oscar,Piastri,40,11,0.275
858,Logan,Sargeant,16,0,0.0
859,Liam,Lawson,5,2,0.4
860,Oliver,Bearman,2,1,0.5
861,Franco,Colapinto,3,1,0.3333333333333333
862,Jack,Doohan,1,0,0.0
